valid_loss,epoch,step,train_loss
0.6881316304206848,0,5,
0.6908825039863586,1,11,
0.6615533232688904,2,17,
0.6726723909378052,3,23,
0.6347678899765015,4,29,
0.6096739172935486,5,35,
0.6024760603904724,6,41,
0.5903099775314331,7,47,
,8,49,0.6178895235061646
0.5953444838523865,8,53,
